{"cameraMode":{"drawMode":0,"name":"Shaded","section":"Shading Mode"},"sceneLighting":false,"audioPlay":false,"sceneViewState":{"showFog":true,"showMaterialUpdate":false,"showSkybox":false,"showFlares":true,"showImageEffects":true,"showParticleSystems":true},"in2DMode":false,"pivot":{"x":-0.9742908477783203,"y":0.4747893810272217,"z":0.3653221130371094},"rotation":{"x":-0.018955251201987268,"y":0.9773401618003845,"z":-0.185743048787117,"w":-0.09973877668380737},"size":3.544715404510498,"orthographic":false}