{"cameraMode":{"drawMode":0,"name":"Shaded","section":"Shading Mode"},"sceneLighting":false,"audioPlay":false,"sceneViewState":{"showFog":true,"showMaterialUpdate":false,"showSkybox":false,"showFlares":true,"showImageEffects":true,"showParticleSystems":true},"in2DMode":false,"pivot":{"x":-0.0049727559089660648,"y":0.20636337995529176,"z":-1.5187137126922608},"rotation":{"x":0.1496245115995407,"y":-0.03972604125738144,"z":0.006017446983605623,"w":0.987936794757843},"size":3.2444355487823488,"orthographic":false}