{"cameraMode":{"drawMode":0,"name":"Shaded","section":"Shading Mode"},"sceneLighting":false,"audioPlay":false,"sceneViewState":{"showFog":true,"showMaterialUpdate":false,"showSkybox":false,"showFlares":true,"showImageEffects":true,"showParticleSystems":true},"in2DMode":false,"pivot":{"x":-0.502561092376709,"y":-0.065354123711586,"z":-0.7429946660995483},"rotation":{"x":0.006288120057433844,"y":-0.08209624886512757,"z":0.0005185408517718315,"w":0.9966095685958862},"size":1.4709978103637696,"orthographic":false}