{"cameraMode":{"drawMode":0,"name":"Shaded","section":"Shading Mode"},"sceneLighting":false,"audioPlay":false,"sceneViewState":{"showFog":true,"showMaterialUpdate":false,"showSkybox":false,"showFlares":true,"showImageEffects":true,"showParticleSystems":true},"in2DMode":false,"pivot":{"x":0.3418245315551758,"y":-0.22488002479076386,"z":0.05718374252319336},"rotation":{"x":0.002119004260748625,"y":0.9978808760643005,"z":-0.045244429260492328,"w":0.04673600196838379},"size":3.3333399295806886,"orthographic":false}