{"cameraMode":{"drawMode":0,"name":"Shaded","section":"Shading Mode"},"sceneLighting":false,"audioPlay":false,"sceneViewState":{"showFog":true,"showMaterialUpdate":false,"showSkybox":false,"showFlares":true,"showImageEffects":true,"showParticleSystems":true},"in2DMode":false,"pivot":{"x":0.6751573085784912,"y":0.3127369284629822,"z":0.03941035270690918},"rotation":{"x":0.002119004260748625,"y":0.9978808760643005,"z":-0.045244429260492328,"w":0.04673600196838379},"size":2.2816925048828127,"orthographic":false}