{"cameraMode":{"drawMode":0,"name":"Shaded","section":"Shading Mode"},"sceneLighting":false,"audioPlay":false,"sceneViewState":{"showFog":true,"showMaterialUpdate":false,"showSkybox":false,"showFlares":true,"showImageEffects":true,"showParticleSystems":true},"in2DMode":false,"pivot":{"x":-1.272462248802185,"y":-0.02261790633201599,"z":-0.4643099308013916},"rotation":{"x":0.0568048320710659,"y":-0.1281251162290573,"z":0.007351115811616182,"w":0.9901127219200134},"size":3.596865653991699,"orthographic":false}