{"cameraMode":{"drawMode":0,"name":"Shaded","section":"Shading Mode"},"sceneLighting":false,"audioPlay":false,"sceneViewState":{"showFog":true,"showMaterialUpdate":false,"showSkybox":false,"showFlares":true,"showImageEffects":true,"showParticleSystems":true},"in2DMode":false,"pivot":{"x":0.13070805370807649,"y":-0.25007426738739016,"z":0.7933530807495117},"rotation":{"x":0.002119004260748625,"y":0.9978808760643005,"z":-0.045244429260492328,"w":0.04673600196838379},"size":3.1017582416534426,"orthographic":false}