{"cameraMode":{"drawMode":0,"name":"Shaded","section":"Shading Mode"},"sceneLighting":false,"audioPlay":false,"sceneViewState":{"showFog":true,"showMaterialUpdate":false,"showSkybox":false,"showFlares":true,"showImageEffects":true,"showParticleSystems":true},"in2DMode":false,"pivot":{"x":447.0836181640625,"y":227.35125732421876,"z":-16.17327880859375},"rotation":{"x":-0.07048480957746506,"y":-0.0863923579454422,"z":0.006128288339823484,"w":-0.9937514662742615},"size":265.8919677734375,"orthographic":false}