{"cameraMode":{"drawMode":0,"name":"Shaded","section":"Shading Mode"},"sceneLighting":false,"audioPlay":false,"sceneViewState":{"showFog":true,"showMaterialUpdate":false,"showSkybox":false,"showFlares":true,"showImageEffects":true,"showParticleSystems":true},"in2DMode":false,"pivot":{"x":-0.7995195388793945,"y":-0.13722014427185059,"z":0.1973581314086914},"rotation":{"x":-0.00686509208753705,"y":0.992280125617981,"z":-0.06439963728189469,"w":-0.10577716678380966},"size":4.315075874328613,"orthographic":false}